{"cameraMode":{"drawMode":0,"name":"Shaded","section":"Shading Mode"},"sceneLighting":false,"audioPlay":false,"sceneViewState":{"m_AlwaysRefresh":false,"showFog":true,"showSkybox":false,"showFlares":true,"showImageEffects":true,"showParticleSystems":true,"showVisualEffectGraphs":true,"m_FxEnabled":true},"in2DMode":false,"pivot":{"x":0.006778767332434654,"y":0.08316628634929657,"z":0.08538804948329926},"rotation":{"x":-0.17332085967063905,"y":0.3467284142971039,"z":-0.06535704433917999,"w":-0.919497013092041},"size":0.13146689534187318,"orthographic":false}